{"quant": "iq2_m", "seed": 7777, "gen": 10, "best_circles": [[0.083333, 0.1, 0.034619], [0.25, 0.1, 0.034619], [0.416667, 0.1, 0.034619], [0.583333, 0.1, 0.034619], [0.75, 0.1, 0.034619], [0.916667, 0.1, 0.034619], [0.083333, 0.3, 0.034619], [0.25, 0.3, 0.034619], [0.416667, 0.3, 0.034619], [0.583333, 0.3, 0.034619], [0.75, 0.3, 0.034619], [0.916667, 0.3, 0.034619], [0.083333, 0.5, 0.034619], [0.25, 0.5, 0.034619], [0.416667, 0.5, 0.034619], [0.583333, 0.5, 0.034619], [0.75, 0.5, 0.034619], [0.916667, 0.5, 0.034619], [0.083333, 0.7, 0.034619], [0.25, 0.7, 0.034619], [0.416667, 0.7, 0.034619], [0.583333, 0.7, 0.034619], [0.75, 0.7, 0.034619], [0.916667, 0.7, 0.034619], [0.083333, 0.9, 0.034619], [0.25, 0.9, 0.034619]], "best_score": 0.900094}