{"quant": "iq2_m", "seed": 9999, "gen": 10, "best_circles": [[0.066667, 0.05, 0.037], [0.233333, 0.05, 0.037], [0.4, 0.05, 0.037], [0.566667, 0.05, 0.037], [0.733333, 0.05, 0.037], [0.9, 0.05, 0.037], [0.066667, 0.25, 0.037], [0.233333, 0.25, 0.037], [0.4, 0.25, 0.037], [0.566667, 0.25, 0.037], [0.733333, 0.25, 0.037], [0.9, 0.25, 0.037], [0.066667, 0.45, 0.037], [0.233333, 0.45, 0.037], [0.4, 0.45, 0.037], [0.566667, 0.45, 0.037], [0.733333, 0.45, 0.037], [0.9, 0.45, 0.037], [0.066667, 0.65, 0.037], [0.233333, 0.65, 0.037], [0.4, 0.65, 0.037], [0.566667, 0.65, 0.037], [0.733333, 0.65, 0.037], [0.9, 0.65, 0.037], [0.066667, 0.85, 0.037], [0.233333, 0.85, 0.037]], "best_score": 0.962}