{"quant": "q2_k_imx", "seed": 3333, "gen": 10, "best_circles": [[0.076923, 0.123077, 0.036], [0.246154, 0.123077, 0.036], [0.415385, 0.123077, 0.036], [0.584615, 0.123077, 0.036], [0.753846, 0.123077, 0.036], [0.923077, 0.123077, 0.036], [0.076923, 0.323077, 0.036], [0.246154, 0.323077, 0.036], [0.415385, 0.323077, 0.036], [0.584615, 0.323077, 0.036], [0.753846, 0.323077, 0.036], [0.923077, 0.323077, 0.036], [0.076923, 0.523077, 0.036], [0.246154, 0.523077, 0.036], [0.415385, 0.523077, 0.036], [0.584615, 0.523077, 0.036], [0.753846, 0.523077, 0.036], [0.923077, 0.523077, 0.036], [0.076923, 0.723077, 0.036], [0.246154, 0.723077, 0.036], [0.415385, 0.723077, 0.036], [0.584615, 0.723077, 0.036], [0.753846, 0.723077, 0.036], [0.923077, 0.723077, 0.036], [0.076923, 0.923077, 0.036], [0.246154, 0.923077, 0.04]], "best_score": 0.94}