{"quant": "q2_k_imx", "seed": 2222, "gen": 10, "best_circles": [[0.071429, 0.071429, 0.053571], [0.235714, 0.071429, 0.053571], [0.4, 0.071429, 0.053571], [0.564286, 0.071429, 0.053571], [0.728571, 0.071429, 0.053571], [0.9, 0.071429, 0.053571], [0.071429, 0.235714, 0.053571], [0.235714, 0.235714, 0.053571], [0.4, 0.235714, 0.053571], [0.564286, 0.235714, 0.053571], [0.728571, 0.235714, 0.053571], [0.9, 0.235714, 0.053571], [0.071429, 0.4, 0.053571], [0.235714, 0.4, 0.053571], [0.4, 0.4, 0.053571], [0.564286, 0.4, 0.053571], [0.728571, 0.4, 0.053571], [0.9, 0.4, 0.053571], [0.071429, 0.564286, 0.053571], [0.235714, 0.564286, 0.053571], [0.4, 0.564286, 0.053571], [0.564286, 0.564286, 0.053571], [0.728571, 0.564286, 0.053571], [0.9, 0.564286, 0.053571], [0.071429, 0.728571, 0.053571], [0.235714, 0.728571, 0.053571]], "best_score": 1.392846}