{
  "arm": "rect_haiku",
  "seed": 789,
  "gen": 10,
  "archive": {
    "(3, 1)": {
      "score": 0.7470059999999996,
      "circles": [
        [
          0.083333,
          0.083,
          0.028731
        ],
        [
          0.25,
          0.083,
          0.028731
        ],
        [
          0.416667,
          0.083,
          0.028731
        ],
        [
          0.583333,
          0.083,
          0.028731
        ],
        [
          0.75,
          0.083,
          0.028731
        ],
        [
          0.916667,
          0.083,
          0.028731
        ],
        [
          0.083333,
          0.249,
          0.028731
        ],
        [
          0.25,
          0.249,
          0.028731
        ],
        [
          0.416667,
          0.249,
          0.028731
        ],
        [
          0.583333,
          0.249,
          0.028731
        ],
        [
          0.75,
          0.249,
          0.028731
        ],
        [
          0.916667,
          0.249,
          0.028731
        ],
        [
          0.083333,
          0.415,
          0.028731
        ],
        [
          0.25,
          0.415,
          0.028731
        ],
        [
          0.416667,
          0.415,
          0.028731
        ],
        [
          0.583333,
          0.415,
          0.028731
        ],
        [
          0.75,
          0.415,
          0.028731
        ],
        [
          0.916667,
          0.415,
          0.028731
        ],
        [
          0.083333,
          0.581,
          0.028731
        ],
        [
          0.25,
          0.581,
          0.028731
        ],
        [
          0.416667,
          0.581,
          0.028731
        ],
        [
          0.583333,
          0.581,
          0.028731
        ],
        [
          0.75,
          0.581,
          0.028731
        ],
        [
          0.916667,
          0.581,
          0.028731
        ],
        [
          0.083333,
          0.747,
          0.028731
        ],
        [
          0.25,
          0.747,
          0.028731
        ]
      ],
      "gen": -1
    },
    "(11, 13)": {
      "score": 2.1666665800000007,
      "circles": [
        [
          0.08333333,
          0.08333333,
          0.08333333
        ],
        [
          0.25,
          0.08333333,
          0.08333333
        ],
        [
          0.41666667,
          0.08333333,
          0.08333333
        ],
        [
          0.58333333,
          0.08333333,
          0.08333333
        ],
        [
          0.75,
          0.08333333,
          0.08333333
        ],
        [
          0.91666667,
          0.08333333,
          0.08333333
        ],
        [
          0.16666667,
          0.2276709,
          0.08333333
        ],
        [
          0.33333333,
          0.2276709,
          0.08333333
        ],
        [
          0.5,
          0.2276709,
          0.08333333
        ],
        [
          0.66666667,
          0.2276709,
          0.08333333
        ],
        [
          0.83333333,
          0.2276709,
          0.08333333
        ],
        [
          0.08333333,
          0.37200847,
          0.08333333
        ],
        [
          0.25,
          0.37200847,
          0.08333333
        ],
        [
          0.41666667,
          0.37200847,
          0.08333333
        ],
        [
          0.58333333,
          0.37200847,
          0.08333333
        ],
        [
          0.75,
          0.37200847,
          0.08333333
        ],
        [
          0.91666667,
          0.37200847,
          0.08333333
        ],
        [
          0.16666667,
          0.51634604,
          0.08333333
        ],
        [
          0.33333333,
          0.51634604,
          0.08333333
        ],
        [
          0.5,
          0.51634604,
          0.08333333
        ],
        [
          0.66666667,
          0.51634604,
          0.08333333
        ],
        [
          0.83333333,
          0.51634604,
          0.08333333
        ],
        [
          0.25,
          0.6606836,
          0.08333333
        ],
        [
          0.41666667,
          0.6606836,
          0.08333333
        ],
        [
          0.58333333,
          0.6606836,
          0.08333333
        ],
        [
          0.75,
          0.6606836,
          0.08333333
        ]
      ],
      "gen": 6
    },
    "(11, 15)": {
      "score": 2.3000000000000003,
      "circles": [
        [
          0.09,
          0.09,
          0.09
        ],
        [
          0.27,
          0.09,
          0.09
        ],
        [
          0.45,
          0.09,
          0.09
        ],
        [
          0.63,
          0.09,
          0.09
        ],
        [
          0.81,
          0.09,
          0.09
        ],
        [
          0.18,
          0.24588457268,
          0.09
        ],
        [
          0.36,
          0.24588457268,
          0.09
        ],
        [
          0.54,
          0.24588457268,
          0.09
        ],
        [
          0.72,
          0.24588457268,
          0.09
        ],
        [
          0.9,
          0.24588457268,
          0.09
        ],
        [
          0.09,
          0.40176914536,
          0.09
        ],
        [
          0.27,
          0.40176914536,
          0.09
        ],
        [
          0.45,
          0.40176914536,
          0.09
        ],
        [
          0.63,
          0.40176914536,
          0.09
        ],
        [
          0.81,
          0.40176914536,
          0.09
        ],
        [
          0.18,
          0.55765371804,
          0.09
        ],
        [
          0.36,
          0.55765371804,
          0.09
        ],
        [
          0.54,
          0.55765371804,
          0.09
        ],
        [
          0.72,
          0.55765371804,
          0.09
        ],
        [
          0.9,
          0.55765371804,
          0.09
        ],
        [
          0.09,
          0.71353829072,
          0.09
        ],
        [
          0.27,
          0.71353829072,
          0.09
        ],
        [
          0.45,
          0.71353829072,
          0.09
        ],
        [
          0.63,
          0.71353829072,
          0.09
        ],
        [
          0.81,
          0.71353829072,
          0.09
        ],
        [
          0.95,
          0.78,
          0.05
        ]
      ],
      "gen": 7
    }
  },
  "best_circles": [
    [
      0.09,
      0.09,
      0.09
    ],
    [
      0.27,
      0.09,
      0.09
    ],
    [
      0.45,
      0.09,
      0.09
    ],
    [
      0.63,
      0.09,
      0.09
    ],
    [
      0.81,
      0.09,
      0.09
    ],
    [
      0.18,
      0.24588457268,
      0.09
    ],
    [
      0.36,
      0.24588457268,
      0.09
    ],
    [
      0.54,
      0.24588457268,
      0.09
    ],
    [
      0.72,
      0.24588457268,
      0.09
    ],
    [
      0.9,
      0.24588457268,
      0.09
    ],
    [
      0.09,
      0.40176914536,
      0.09
    ],
    [
      0.27,
      0.40176914536,
      0.09
    ],
    [
      0.45,
      0.40176914536,
      0.09
    ],
    [
      0.63,
      0.40176914536,
      0.09
    ],
    [
      0.81,
      0.40176914536,
      0.09
    ],
    [
      0.18,
      0.55765371804,
      0.09
    ],
    [
      0.36,
      0.55765371804,
      0.09
    ],
    [
      0.54,
      0.55765371804,
      0.09
    ],
    [
      0.72,
      0.55765371804,
      0.09
    ],
    [
      0.9,
      0.55765371804,
      0.09
    ],
    [
      0.09,
      0.71353829072,
      0.09
    ],
    [
      0.27,
      0.71353829072,
      0.09
    ],
    [
      0.45,
      0.71353829072,
      0.09
    ],
    [
      0.63,
      0.71353829072,
      0.09
    ],
    [
      0.81,
      0.71353829072,
      0.09
    ],
    [
      0.95,
      0.78,
      0.05
    ]
  ],
  "best_score": 2.3000000000000003
}