{
  "arm": "rect_haiku",
  "seed": 456,
  "gen": 10,
  "archive": {
    "(3, 1)": {
      "score": 0.7470059999999996,
      "circles": [
        [
          0.083333,
          0.083,
          0.028731
        ],
        [
          0.25,
          0.083,
          0.028731
        ],
        [
          0.416667,
          0.083,
          0.028731
        ],
        [
          0.583333,
          0.083,
          0.028731
        ],
        [
          0.75,
          0.083,
          0.028731
        ],
        [
          0.916667,
          0.083,
          0.028731
        ],
        [
          0.083333,
          0.249,
          0.028731
        ],
        [
          0.25,
          0.249,
          0.028731
        ],
        [
          0.416667,
          0.249,
          0.028731
        ],
        [
          0.583333,
          0.249,
          0.028731
        ],
        [
          0.75,
          0.249,
          0.028731
        ],
        [
          0.916667,
          0.249,
          0.028731
        ],
        [
          0.083333,
          0.415,
          0.028731
        ],
        [
          0.25,
          0.415,
          0.028731
        ],
        [
          0.416667,
          0.415,
          0.028731
        ],
        [
          0.583333,
          0.415,
          0.028731
        ],
        [
          0.75,
          0.415,
          0.028731
        ],
        [
          0.916667,
          0.415,
          0.028731
        ],
        [
          0.083333,
          0.581,
          0.028731
        ],
        [
          0.25,
          0.581,
          0.028731
        ],
        [
          0.416667,
          0.581,
          0.028731
        ],
        [
          0.583333,
          0.581,
          0.028731
        ],
        [
          0.75,
          0.581,
          0.028731
        ],
        [
          0.916667,
          0.581,
          0.028731
        ],
        [
          0.083333,
          0.747,
          0.028731
        ],
        [
          0.25,
          0.747,
          0.028731
        ]
      ],
      "gen": -1
    },
    "(11, 13)": {
      "score": 2.158,
      "circles": [
        [
          0.083333,
          0.083,
          0.083
        ],
        [
          0.25,
          0.083,
          0.083
        ],
        [
          0.416667,
          0.083,
          0.083
        ],
        [
          0.583333,
          0.083,
          0.083
        ],
        [
          0.75,
          0.083,
          0.083
        ],
        [
          0.916667,
          0.083,
          0.083
        ],
        [
          0.083333,
          0.249,
          0.083
        ],
        [
          0.25,
          0.249,
          0.083
        ],
        [
          0.416667,
          0.249,
          0.083
        ],
        [
          0.583333,
          0.249,
          0.083
        ],
        [
          0.75,
          0.249,
          0.083
        ],
        [
          0.916667,
          0.249,
          0.083
        ],
        [
          0.083333,
          0.415,
          0.083
        ],
        [
          0.25,
          0.415,
          0.083
        ],
        [
          0.416667,
          0.415,
          0.083
        ],
        [
          0.583333,
          0.415,
          0.083
        ],
        [
          0.75,
          0.415,
          0.083
        ],
        [
          0.916667,
          0.415,
          0.083
        ],
        [
          0.083333,
          0.581,
          0.083
        ],
        [
          0.25,
          0.581,
          0.083
        ],
        [
          0.416667,
          0.581,
          0.083
        ],
        [
          0.583333,
          0.581,
          0.083
        ],
        [
          0.75,
          0.581,
          0.083
        ],
        [
          0.916667,
          0.581,
          0.083
        ],
        [
          0.083333,
          0.747,
          0.083
        ],
        [
          0.25,
          0.747,
          0.083
        ]
      ],
      "gen": 0
    }
  },
  "best_circles": [
    [
      0.083333,
      0.083,
      0.083
    ],
    [
      0.25,
      0.083,
      0.083
    ],
    [
      0.416667,
      0.083,
      0.083
    ],
    [
      0.583333,
      0.083,
      0.083
    ],
    [
      0.75,
      0.083,
      0.083
    ],
    [
      0.916667,
      0.083,
      0.083
    ],
    [
      0.083333,
      0.249,
      0.083
    ],
    [
      0.25,
      0.249,
      0.083
    ],
    [
      0.416667,
      0.249,
      0.083
    ],
    [
      0.583333,
      0.249,
      0.083
    ],
    [
      0.75,
      0.249,
      0.083
    ],
    [
      0.916667,
      0.249,
      0.083
    ],
    [
      0.083333,
      0.415,
      0.083
    ],
    [
      0.25,
      0.415,
      0.083
    ],
    [
      0.416667,
      0.415,
      0.083
    ],
    [
      0.583333,
      0.415,
      0.083
    ],
    [
      0.75,
      0.415,
      0.083
    ],
    [
      0.916667,
      0.415,
      0.083
    ],
    [
      0.083333,
      0.581,
      0.083
    ],
    [
      0.25,
      0.581,
      0.083
    ],
    [
      0.416667,
      0.581,
      0.083
    ],
    [
      0.583333,
      0.581,
      0.083
    ],
    [
      0.75,
      0.581,
      0.083
    ],
    [
      0.916667,
      0.581,
      0.083
    ],
    [
      0.083333,
      0.747,
      0.083
    ],
    [
      0.25,
      0.747,
      0.083
    ]
  ],
  "best_score": 2.158
}