{
  "arm": "rect_haiku",
  "seed": 123,
  "gen": 10,
  "archive": {
    "(3, 1)": {
      "score": 0.7470059999999996,
      "circles": [
        [
          0.083333,
          0.083,
          0.028731
        ],
        [
          0.25,
          0.083,
          0.028731
        ],
        [
          0.416667,
          0.083,
          0.028731
        ],
        [
          0.583333,
          0.083,
          0.028731
        ],
        [
          0.75,
          0.083,
          0.028731
        ],
        [
          0.916667,
          0.083,
          0.028731
        ],
        [
          0.083333,
          0.249,
          0.028731
        ],
        [
          0.25,
          0.249,
          0.028731
        ],
        [
          0.416667,
          0.249,
          0.028731
        ],
        [
          0.583333,
          0.249,
          0.028731
        ],
        [
          0.75,
          0.249,
          0.028731
        ],
        [
          0.916667,
          0.249,
          0.028731
        ],
        [
          0.083333,
          0.415,
          0.028731
        ],
        [
          0.25,
          0.415,
          0.028731
        ],
        [
          0.416667,
          0.415,
          0.028731
        ],
        [
          0.583333,
          0.415,
          0.028731
        ],
        [
          0.75,
          0.415,
          0.028731
        ],
        [
          0.916667,
          0.415,
          0.028731
        ],
        [
          0.083333,
          0.581,
          0.028731
        ],
        [
          0.25,
          0.581,
          0.028731
        ],
        [
          0.416667,
          0.581,
          0.028731
        ],
        [
          0.583333,
          0.581,
          0.028731
        ],
        [
          0.75,
          0.581,
          0.028731
        ],
        [
          0.916667,
          0.581,
          0.028731
        ],
        [
          0.083333,
          0.747,
          0.028731
        ],
        [
          0.25,
          0.747,
          0.028731
        ]
      ],
      "gen": -1
    },
    "(11, 13)": {
      "score": 2.1666580000000013,
      "circles": [
        [
          0.083333,
          0.083333,
          0.083333
        ],
        [
          0.25,
          0.083333,
          0.083333
        ],
        [
          0.416667,
          0.083333,
          0.083333
        ],
        [
          0.583333,
          0.083333,
          0.083333
        ],
        [
          0.75,
          0.083333,
          0.083333
        ],
        [
          0.916667,
          0.083333,
          0.083333
        ],
        [
          0.166667,
          0.227671,
          0.083333
        ],
        [
          0.333333,
          0.227671,
          0.083333
        ],
        [
          0.5,
          0.227671,
          0.083333
        ],
        [
          0.666667,
          0.227671,
          0.083333
        ],
        [
          0.833333,
          0.227671,
          0.083333
        ],
        [
          0.083333,
          0.372008,
          0.083333
        ],
        [
          0.25,
          0.372008,
          0.083333
        ],
        [
          0.416667,
          0.372008,
          0.083333
        ],
        [
          0.583333,
          0.372008,
          0.083333
        ],
        [
          0.75,
          0.372008,
          0.083333
        ],
        [
          0.916667,
          0.372008,
          0.083333
        ],
        [
          0.166667,
          0.516346,
          0.083333
        ],
        [
          0.333333,
          0.516346,
          0.083333
        ],
        [
          0.5,
          0.516346,
          0.083333
        ],
        [
          0.666667,
          0.516346,
          0.083333
        ],
        [
          0.833333,
          0.516346,
          0.083333
        ],
        [
          0.083333,
          0.660684,
          0.083333
        ],
        [
          0.25,
          0.660684,
          0.083333
        ],
        [
          0.416667,
          0.660684,
          0.083333
        ],
        [
          0.583333,
          0.660684,
          0.083333
        ]
      ],
      "gen": 2
    }
  },
  "best_circles": [
    [
      0.083333,
      0.083333,
      0.083333
    ],
    [
      0.25,
      0.083333,
      0.083333
    ],
    [
      0.416667,
      0.083333,
      0.083333
    ],
    [
      0.583333,
      0.083333,
      0.083333
    ],
    [
      0.75,
      0.083333,
      0.083333
    ],
    [
      0.916667,
      0.083333,
      0.083333
    ],
    [
      0.166667,
      0.227671,
      0.083333
    ],
    [
      0.333333,
      0.227671,
      0.083333
    ],
    [
      0.5,
      0.227671,
      0.083333
    ],
    [
      0.666667,
      0.227671,
      0.083333
    ],
    [
      0.833333,
      0.227671,
      0.083333
    ],
    [
      0.083333,
      0.372008,
      0.083333
    ],
    [
      0.25,
      0.372008,
      0.083333
    ],
    [
      0.416667,
      0.372008,
      0.083333
    ],
    [
      0.583333,
      0.372008,
      0.083333
    ],
    [
      0.75,
      0.372008,
      0.083333
    ],
    [
      0.916667,
      0.372008,
      0.083333
    ],
    [
      0.166667,
      0.516346,
      0.083333
    ],
    [
      0.333333,
      0.516346,
      0.083333
    ],
    [
      0.5,
      0.516346,
      0.083333
    ],
    [
      0.666667,
      0.516346,
      0.083333
    ],
    [
      0.833333,
      0.516346,
      0.083333
    ],
    [
      0.083333,
      0.660684,
      0.083333
    ],
    [
      0.25,
      0.660684,
      0.083333
    ],
    [
      0.416667,
      0.660684,
      0.083333
    ],
    [
      0.583333,
      0.660684,
      0.083333
    ]
  ],
  "best_score": 2.1666580000000013
}