{
  "arm": "rect_haiku",
  "seed": 42,
  "gen": 10,
  "archive": {
    "(3, 1)": {
      "score": 0.7470059999999996,
      "circles": [
        [
          0.083333,
          0.083,
          0.028731
        ],
        [
          0.25,
          0.083,
          0.028731
        ],
        [
          0.416667,
          0.083,
          0.028731
        ],
        [
          0.583333,
          0.083,
          0.028731
        ],
        [
          0.75,
          0.083,
          0.028731
        ],
        [
          0.916667,
          0.083,
          0.028731
        ],
        [
          0.083333,
          0.249,
          0.028731
        ],
        [
          0.25,
          0.249,
          0.028731
        ],
        [
          0.416667,
          0.249,
          0.028731
        ],
        [
          0.583333,
          0.249,
          0.028731
        ],
        [
          0.75,
          0.249,
          0.028731
        ],
        [
          0.916667,
          0.249,
          0.028731
        ],
        [
          0.083333,
          0.415,
          0.028731
        ],
        [
          0.25,
          0.415,
          0.028731
        ],
        [
          0.416667,
          0.415,
          0.028731
        ],
        [
          0.583333,
          0.415,
          0.028731
        ],
        [
          0.75,
          0.415,
          0.028731
        ],
        [
          0.916667,
          0.415,
          0.028731
        ],
        [
          0.083333,
          0.581,
          0.028731
        ],
        [
          0.25,
          0.581,
          0.028731
        ],
        [
          0.416667,
          0.581,
          0.028731
        ],
        [
          0.583333,
          0.581,
          0.028731
        ],
        [
          0.75,
          0.581,
          0.028731
        ],
        [
          0.916667,
          0.581,
          0.028731
        ],
        [
          0.083333,
          0.747,
          0.028731
        ],
        [
          0.25,
          0.747,
          0.028731
        ]
      ],
      "gen": -1
    },
    "(11, 13)": {
      "score": 2.1666665800000007,
      "circles": [
        [
          0.08333333,
          0.08333333,
          0.08333333
        ],
        [
          0.25,
          0.08333333,
          0.08333333
        ],
        [
          0.41666667,
          0.08333333,
          0.08333333
        ],
        [
          0.58333333,
          0.08333333,
          0.08333333
        ],
        [
          0.75,
          0.08333333,
          0.08333333
        ],
        [
          0.91666667,
          0.08333333,
          0.08333333
        ],
        [
          0.16666667,
          0.22767088,
          0.08333333
        ],
        [
          0.33333333,
          0.22767088,
          0.08333333
        ],
        [
          0.5,
          0.22767088,
          0.08333333
        ],
        [
          0.66666667,
          0.22767088,
          0.08333333
        ],
        [
          0.83333333,
          0.22767088,
          0.08333333
        ],
        [
          0.08333333,
          0.37200842,
          0.08333333
        ],
        [
          0.25,
          0.37200842,
          0.08333333
        ],
        [
          0.41666667,
          0.37200842,
          0.08333333
        ],
        [
          0.58333333,
          0.37200842,
          0.08333333
        ],
        [
          0.75,
          0.37200842,
          0.08333333
        ],
        [
          0.91666667,
          0.37200842,
          0.08333333
        ],
        [
          0.16666667,
          0.51634596,
          0.08333333
        ],
        [
          0.33333333,
          0.51634596,
          0.08333333
        ],
        [
          0.5,
          0.51634596,
          0.08333333
        ],
        [
          0.66666667,
          0.51634596,
          0.08333333
        ],
        [
          0.83333333,
          0.51634596,
          0.08333333
        ],
        [
          0.08333333,
          0.6606835,
          0.08333333
        ],
        [
          0.25,
          0.6606835,
          0.08333333
        ],
        [
          0.41666667,
          0.6606835,
          0.08333333
        ],
        [
          0.58333333,
          0.6606835,
          0.08333333
        ]
      ],
      "gen": 1
    },
    "(11, 15)": {
      "score": 2.2939747000000006,
      "circles": [
        [
          0.08333333,
          0.08333333,
          0.08333333
        ],
        [
          0.25,
          0.08333333,
          0.08333333
        ],
        [
          0.41666667,
          0.08333333,
          0.08333333
        ],
        [
          0.58333333,
          0.08333333,
          0.08333333
        ],
        [
          0.75,
          0.08333333,
          0.08333333
        ],
        [
          0.91666667,
          0.08333333,
          0.08333333
        ],
        [
          0.16666667,
          0.22767088,
          0.08333333
        ],
        [
          0.33333333,
          0.22767088,
          0.08333333
        ],
        [
          0.5,
          0.22767088,
          0.08333333
        ],
        [
          0.66666667,
          0.22767088,
          0.08333333
        ],
        [
          0.83333333,
          0.22767088,
          0.08333333
        ],
        [
          0.08333333,
          0.37200842,
          0.08333333
        ],
        [
          0.25,
          0.37200842,
          0.08333333
        ],
        [
          0.41666667,
          0.37200842,
          0.08333333
        ],
        [
          0.58333333,
          0.37200842,
          0.08333333
        ],
        [
          0.75,
          0.37200842,
          0.08333333
        ],
        [
          0.91666667,
          0.37200842,
          0.08333333
        ],
        [
          0.16666667,
          0.51634596,
          0.08333333
        ],
        [
          0.33333333,
          0.51634596,
          0.08333333
        ],
        [
          0.5,
          0.51634596,
          0.08333333
        ],
        [
          0.66666667,
          0.51634596,
          0.08333333
        ],
        [
          0.83333333,
          0.51634596,
          0.08333333
        ],
        [
          0.11516036,
          0.71483965,
          0.11516036
        ],
        [
          0.37172012,
          0.71483965,
          0.11516036
        ],
        [
          0.62827988,
          0.71483965,
          0.11516036
        ],
        [
          0.88483964,
          0.71483965,
          0.11516036
        ]
      ],
      "gen": 5
    }
  },