{
  "arm": "unit_sonnet",
  "seed": 1111,
  "gen": 10,
  "archive": {
    "(4, 1)": {
      "score": 0.8999899999999995,
      "circles": [
        [
          0.083333,
          0.1,
          0.034615
        ],
        [
          0.25,
          0.1,
          0.034615
        ],
        [
          0.416667,
          0.1,
          0.034615
        ],
        [
          0.583333,
          0.1,
          0.034615
        ],
        [
          0.75,
          0.1,
          0.034615
        ],
        [
          0.916667,
          0.1,
          0.034615
        ],
        [
          0.083333,
          0.3,
          0.034615
        ],
        [
          0.25,
          0.3,
          0.034615
        ],
        [
          0.416667,
          0.3,
          0.034615
        ],
        [
          0.583333,
          0.3,
          0.034615
        ],
        [
          0.75,
          0.3,
          0.034615
        ],
        [
          0.916667,
          0.3,
          0.034615
        ],
        [
          0.083333,
          0.5,
          0.034615
        ],
        [
          0.25,
          0.5,
          0.034615
        ],
        [
          0.416667,
          0.5,
          0.034615
        ],
        [
          0.583333,
          0.5,
          0.034615
        ],
        [
          0.75,
          0.5,
          0.034615
        ],
        [
          0.916667,
          0.5,
          0.034615
        ],
        [
          0.083333,
          0.7,
          0.034615
        ],
        [
          0.25,
          0.7,
          0.034615
        ],
        [
          0.416667,
          0.7,
          0.034615
        ],
        [
          0.583333,
          0.7,
          0.034615
        ],
        [
          0.75,
          0.7,
          0.034615
        ],
        [
          0.916667,
          0.7,
          0.034615
        ],
        [
          0.083333,
          0.9,
          0.034615
        ],
        [
          0.25,
          0.9,
          0.034615
        ]
      ],
      "gen": -1
    },
    "(12, 14)": {
      "score": 2.4179999999999997,
      "circles": [
        [
          0.093,
          0.093,
          0.093
        ],
        [
          0.279,
          0.093,
          0.093
        ],
        [
          0.465,
          0.093,
          0.093
        ],
        [
          0.651,
          0.093,
          0.093
        ],
        [
          0.837,
          0.093,
          0.093
        ],
        [
          0.186,
          0.25409,
          0.093
        ],
        [
          0.372,
          0.25409,
          0.093
        ],
        [
          0.558,
          0.25409,
          0.093
        ],
        [
          0.744,
          0.25409,
          0.093
        ],
        [
          0.093,
          0.41518,
          0.093
        ],
        [
          0.279,
          0.41518,
          0.093
        ],
        [
          0.465,
          0.41518,
          0.093
        ],
        [
          0.651,
          0.41518,
          0.093
        ],
        [
          0.837,
          0.41518,
          0.093
        ],
        [
          0.186,
          0.57627,
          0.093
        ],
        [
          0.372,
          0.57627,
          0.093
        ],
        [
          0.558,
          0.57627,
          0.093
        ],
        [
          0.744,
          0.57627,
          0.093
        ],
        [
          0.093,
          0.73736,
          0.093
        ],
        [
          0.279,
          0.73736,
          0.093
        ],
        [
          0.465,
          0.73736,
          0.093
        ],
        [
          0.651,
          0.73736,
          0.093
        ],
        [
          0.837,
          0.73736,
          0.093
        ],
        [
          0.186,
          0.89845,
          0.093
        ],
        [
          0.372,
          0.89845,
          0.093
        ],
        [
          0.558,
          0.89845,
          0.093
        ]
      ],
      "gen": 0
    },
    "(12, 15)": {
      "score": 2.523367,
      "circles": [
        [
          0.093806,
          0.093806,
          0.093806
        ],
        [
          0.281418,
          0.093806,
          0.093806
        ],
        [
          0.46903,
          0.093806,
          0.093806
        ],
        [
          0.656642,
          0.093806,
          0.093806
        ],
        [
          0.890677,
          0.109323,
          0.109323
        ],
        [
          0.187612,
          0.256283,
          0.093806
        ],
        [
          0.375224,
          0.256283,
          0.093806
        ],
        [
          0.562836,
          0.256283,
          0.093806
        ],
        [
          0.750448,
          0.256283,
          0.093806
        ],
        [
          0.093806,
          0.41876,
          0.093806
        ],
        [
          0.281418,
          0.41876,
          0.093806
        ],
        [
          0.46903,
          0.41876,
          0.093806
        ],
        [
          0.656642,
          0.41876,
          0.093806
        ],
        [
          0.883685,
          0.41876,
          0.116315
        ],
        [
          0.187612,
          0.581237,
          0.093806
        ],
        [
          0.375224,
          0.581237,
          0.093806
        ],
        [
          0.562836,
          0.581237,
          0.093806
        ],
        [
          0.750448,
          0.581237,
          0.093806
        ],
        [
          0.093806,
          0.743714,
          0.093806
        ],
        [
          0.281418,
          0.743714,
          0.093806
        ],
        [
          0.46903,
          0.743714,
          0.093806
        ],
        [
          0.656642,
          0.743714,
          0.093806
        ],
        [
          0.859809,
          0.859809,
          0.140191
        ],
        [
          0.187612,
          0.906191,
          0.093806
        ],
        [
          0.375224,
          0.906191,
          0.093806
        ],
        [
          0.562836,
          0.906191,
          0.093806
        ]
      ],
      "gen": 5
    }
  },
  "best_circles": [
    [
      0.093806,
      0.093806,
      0.093806
    ],
    [
      0.281418,
      0.093806,
      0.093806
    ],
    [
      0.46903,
      0.093806,
      0.093806
    ],
    [
      0.656642,
      0.093806,
      0.093806
    ],
    [
      0.890677,
      0.109323,
      0.109323
    ],
    [
      0.187612,
      0.256283,
      0.093806
    ],
    [
      0.375224,
      0.256283,
      0.093806
    ],
    [
      0.562836,
      0.256283,
      0.093806
    ],
    [
      0.750448,
      0.256283,
      0.093806
    ],
    [
      0.093806,
      0.41876,
      0.093806
    ],
    [
      0.281418,
      0.41876,
      0.093806
    ],
    [
      0.46903,
      0.41876,
      0.093806
    ],
    [
      0.656642,
      0.41876,
      0.093806
    ],
    [
      0.883685,
      0.41876,
      0.116315
    ],
    [
      0.187612,
      0.581237,
      0.093806
    ],
    [
      0.375224,
      0.581237,
      0.093806
    ],
    [
      0.562836,
      0.581237,
      0.093806
    ],
    [
      0.750448,
      0.581237,
      0.093806
    ],
    [
      0.093806,
      0.743714,
      0.093806
    ],
    [
      0.281418,
      0.743714,
      0.093806
    ],
    [
      0.46903,
      0.743714,
      0.093806
    ],
    [
      0.656642,
      0.743714,
      0.093806
    ],
    [
      0.859809,
      0.859809,
      0.140191
    ],
    [
      0.187612,
      0.906191,
      0.093806
    ],
    [
      0.375224,
      0.906191,
      0.093806
    ],
    [
      0.562836,
      0.906191,
      0.093806
    ]
  ],
  "best_score": 2.523367
}