{"n": 23, "seed": 456, "gen": 10, "best_circles": [[0.1, 0.1, 0.1], [0.3, 0.1, 0.1], [0.5, 0.1, 0.1], [0.7, 0.1, 0.1], [0.9, 0.1, 0.1], [0.2, 0.273205, 0.1], [0.4, 0.273205, 0.1], [0.6, 0.273205, 0.1], [0.8, 0.273205, 0.1], [0.1, 0.44641, 0.1], [0.3, 0.44641, 0.1], [0.5, 0.44641, 0.1], [0.7, 0.44641, 0.1], [0.9, 0.44641, 0.1], [0.2, 0.619615, 0.1], [0.4, 0.619615, 0.1], [0.6, 0.619615, 0.1], [0.8, 0.619615, 0.1], [0.1, 0.79282, 0.1], [0.3, 0.79282, 0.1], [0.5, 0.79282, 0.1], [0.7, 0.79282, 0.1], [0.9, 0.79282, 0.1]], "best_score": 2.3000000000000007}