{"n": 23, "seed": 123, "gen": 0, "best_circles": [[0.083333, 0.1, 0.03913], [0.25, 0.1, 0.03913], [0.416667, 0.1, 0.03913], [0.583333, 0.1, 0.03913], [0.75, 0.1, 0.03913], [0.916667, 0.1, 0.03913], [0.083333, 0.3, 0.03913], [0.25, 0.3, 0.03913], [0.416667, 0.3, 0.03913], [0.583333, 0.3, 0.03913], [0.75, 0.3, 0.03913], [0.916667, 0.3, 0.03913], [0.083333, 0.5, 0.03913], [0.25, 0.5, 0.03913], [0.416667, 0.5, 0.03913], [0.583333, 0.5, 0.03913], [0.75, 0.5, 0.03913], [0.916667, 0.5, 0.03913], [0.083333, 0.7, 0.03913], [0.25, 0.7, 0.03913], [0.416667, 0.7, 0.03913], [0.583333, 0.7, 0.03913], [0.75, 0.7, 0.03913]], "best_score": 0.89999}