{"n": 23, "seed": 42, "gen": 10, "best_circles": [[0.125, 0.125, 0.125], [0.125, 0.375, 0.125], [0.125, 0.625, 0.125], [0.125, 0.875, 0.125], [0.375, 0.125, 0.125], [0.375, 0.375, 0.125], [0.375, 0.625, 0.125], [0.375, 0.875, 0.125], [0.625, 0.125, 0.125], [0.625, 0.375, 0.125], [0.625, 0.625, 0.125], [0.625, 0.875, 0.125], [0.875, 0.125, 0.125], [0.875, 0.375, 0.125], [0.875, 0.625, 0.125], [0.875, 0.875, 0.125], [0.25, 0.25, 0.0517771], [0.5, 0.25, 0.0517771], [0.75, 0.25, 0.0517771], [0.25, 0.5, 0.0517771], [0.5, 0.5, 0.0517771], [0.75, 0.5, 0.0517771], [0.25, 0.75, 0.0517771]], "best_score": 2.3624396999999986}