{"n": 27, "seed": 456, "gen": 10, "best_circles": [[0.1, 0.1, 0.1], [0.3, 0.1, 0.1], [0.5, 0.1, 0.1], [0.7, 0.1, 0.1], [0.9, 0.1, 0.1], [0.1, 0.3, 0.1], [0.3, 0.3, 0.1], [0.5, 0.3, 0.1], [0.7, 0.3, 0.1], [0.9, 0.3, 0.1], [0.1, 0.5, 0.1], [0.3, 0.5, 0.1], [0.5, 0.5, 0.1], [0.7, 0.5, 0.1], [0.9, 0.5, 0.1], [0.1, 0.7, 0.1], [0.3, 0.7, 0.1], [0.5, 0.7, 0.1], [0.7, 0.7, 0.1], [0.9, 0.7, 0.1], [0.1, 0.9, 0.1], [0.3, 0.9, 0.1], [0.5, 0.9, 0.1], [0.7, 0.9, 0.1], [0.9, 0.9, 0.1], [0.2, 0.2, 0.04142], [0.8, 0.8, 0.04142]], "best_score": 2.582840000000001}