{"n": 27, "seed": 42, "gen": 10, "best_circles": [[0.1, 0.1, 0.1], [0.3, 0.1, 0.1], [0.5, 0.1, 0.1], [0.7, 0.1, 0.1], [0.9, 0.1, 0.1], [0.1, 0.3, 0.1], [0.3, 0.3, 0.1], [0.5, 0.3, 0.1], [0.7, 0.3, 0.1], [0.9, 0.3, 0.1], [0.1, 0.5, 0.1], [0.3, 0.5, 0.1], [0.5, 0.5, 0.1], [0.7, 0.5, 0.1], [0.9, 0.5, 0.1], [0.1, 0.7, 0.1], [0.3, 0.7, 0.1], [0.5, 0.7, 0.1], [0.7, 0.7, 0.1], [0.9, 0.7, 0.1], [0.1, 0.9, 0.1], [0.3, 0.9, 0.1], [0.5, 0.9, 0.1], [0.7, 0.9, 0.1], [0.9, 0.9, 0.1], [0.01715728752538099, 0.01715728752538099, 0.01715728752538099], [0.982842712474619, 0.982842712474619, 0.01715728752538099]], "best_score": 2.5343145750507627}