{"n": 27, "seed": 42, "gen": 0, "best_circles": [[0.083333, 0.1, 0.033333], [0.25, 0.1, 0.033333], [0.416667, 0.1, 0.033333], [0.583333, 0.1, 0.033333], [0.75, 0.1, 0.033333], [0.916667, 0.1, 0.033333], [0.083333, 0.3, 0.033333], [0.25, 0.3, 0.033333], [0.416667, 0.3, 0.033333], [0.583333, 0.3, 0.033333], [0.75, 0.3, 0.033333], [0.916667, 0.3, 0.033333], [0.083333, 0.5, 0.033333], [0.25, 0.5, 0.033333], [0.416667, 0.5, 0.033333], [0.583333, 0.5, 0.033333], [0.75, 0.5, 0.033333], [0.916667, 0.5, 0.033333], [0.083333, 0.7, 0.033333], [0.25, 0.7, 0.033333], [0.416667, 0.7, 0.033333], [0.583333, 0.7, 0.033333], [0.75, 0.7, 0.033333], [0.916667, 0.7, 0.033333], [0.083333, 0.9, 0.033333], [0.25, 0.9, 0.033333], [0.416667, 0.9, 0.033333]], "best_score": 0.8999910000000007}