{"n": 27, "seed": 123, "gen": 10, "best_circles": [[0.1, 0.1, 0.1], [0.3, 0.1, 0.1], [0.5, 0.1, 0.1], [0.7, 0.1, 0.1], [0.9, 0.1, 0.1], [0.1, 0.3, 0.1], [0.3, 0.3, 0.1], [0.5, 0.3, 0.1], [0.7, 0.3, 0.1], [0.9, 0.3, 0.1], [0.2, 0.2, 0.041422], [0.6, 0.2, 0.041422], [0.1, 0.5, 0.1], [0.3, 0.5, 0.1], [0.5, 0.5, 0.1], [0.7, 0.5, 0.1], [0.9, 0.5, 0.1], [0.1, 0.7, 0.1], [0.3, 0.7, 0.1], [0.5, 0.7, 0.1], [0.7, 0.7, 0.1], [0.9, 0.7, 0.1], [0.1, 0.9, 0.1], [0.3, 0.9, 0.1], [0.5, 0.9, 0.1], [0.7, 0.9, 0.1], [0.9, 0.9, 0.1]], "best_score": 2.582844000000001}