{
  "seed": 456,
  "gen": 10,
  "archive": {
    "(4, 1)": {
      "score": 0.8999899999999995,
      "circles": [
        [
          0.083333,
          0.1,
          0.034615
        ],
        [
          0.25,
          0.1,
          0.034615
        ],
        [
          0.416667,
          0.1,
          0.034615
        ],
        [
          0.583333,
          0.1,
          0.034615
        ],
        [
          0.75,
          0.1,
          0.034615
        ],
        [
          0.916667,
          0.1,
          0.034615
        ],
        [
          0.083333,
          0.3,
          0.034615
        ],
        [
          0.25,
          0.3,
          0.034615
        ],
        [
          0.416667,
          0.3,
          0.034615
        ],
        [
          0.583333,
          0.3,
          0.034615
        ],
        [
          0.75,
          0.3,
          0.034615
        ],
        [
          0.916667,
          0.3,
          0.034615
        ],
        [
          0.083333,
          0.5,
          0.034615
        ],
        [
          0.25,
          0.5,
          0.034615
        ],
        [
          0.416667,
          0.5,
          0.034615
        ],
        [
          0.583333,
          0.5,
          0.034615
        ],
        [
          0.75,
          0.5,
          0.034615
        ],
        [
          0.916667,
          0.5,
          0.034615
        ],
        [
          0.083333,
          0.7,
          0.034615
        ],
        [
          0.25,
          0.7,
          0.034615
        ],
        [
          0.416667,
          0.7,
          0.034615
        ],
        [
          0.583333,
          0.7,
          0.034615
        ],
        [
          0.75,
          0.7,
          0.034615
        ],
        [
          0.916667,
          0.7,
          0.034615
        ],
        [
          0.083333,
          0.9,
          0.034615
        ],
        [
          0.25,
          0.9,
          0.034615
        ]
      ],
      "gen": -1
    },
    "(12, 13)": {
      "score": 2.3400000000000003,
      "circles": [
        [
          0.1,
          0.1,
          0.09
        ],
        [
          0.3,
          0.1,
          0.09
        ],
        [
          0.5,
          0.1,
          0.09
        ],
        [
          0.7,
          0.1,
          0.09
        ],
        [
          0.9,
          0.1,
          0.09
        ],
        [
          0.2,
          0.255885,
          0.09
        ],
        [
          0.4,
          0.255885,
          0.09
        ],
        [
          0.6,
          0.255885,
          0.09
        ],
        [
          0.8,
          0.255885,
          0.09
        ],
        [
          0.1,
          0.411769,
          0.09
        ],
        [
          0.3,
          0.411769,
          0.09
        ],
        [
          0.5,
          0.411769,
          0.09
        ],
        [
          0.7,
          0.411769,
          0.09
        ],
        [
          0.9,
          0.411769,
          0.09
        ],
        [
          0.2,
          0.567654,
          0.09
        ],
        [
          0.4,
          0.567654,
          0.09
        ],
        [
          0.6,
          0.567654,
          0.09
        ],
        [
          0.8,
          0.567654,
          0.09
        ],
        [
          0.1,
          0.723538,
          0.09
        ],
        [
          0.3,
          0.723538,
          0.09
        ],
        [
          0.5,
          0.723538,
          0.09
        ],
        [
          0.7,
          0.723538,
          0.09
        ],
        [
          0.9,
          0.723538,
          0.09
        ],
        [
          0.2,
          0.879423,
          0.09
        ],
        [
          0.4,
          0.879423,
          0.09
        ],
        [
          0.6,
          0.879423,
          0.09
        ]
      ],
      "gen": 0
    },
    "(12, 14)": {
      "score": 2.4076,
      "circles": [
        [
          0.1,
          0.1,
          0.0926
        ],
        [
          0.3,
          0.1,
          0.0926
        ],
        [
          0.5,
          0.1,
          0.0926
        ],
        [
          0.7,
          0.1,
          0.0926
        ],
        [
          0.9,
          0.1,
          0.0926
        ],
        [
          0.2,
          0.255885,
          0.0926
        ],
        [
          0.4,
          0.255885,
          0.0926
        ],
        [
          0.6,
          0.255885,
          0.0926
        ],
        [
          0.8,
          0.255885,
          0.0926
        ],
        [
          0.1,
          0.411769,
          0.0926
        ],
        [
          0.3,
          0.411769,
          0.0926
        ],
        [
          0.5,
          0.411769,
          0.0926
        ],
        [
          0.7,
          0.411769,
          0.0926
        ],
        [
          0.9,
          0.411769,
          0.0926
        ],
        [
          0.2,
          0.567654,
          0.0926
        ],
        [
          0.4,
          0.567654,
          0.0926
        ],
        [
          0.6,
          0.567654,
          0.0926
        ],
        [
          0.8,
          0.567654,
          0.0926
        ],
        [
          0.1,
          0.723538,
          0.0926
        ],
        [
          0.3,
          0.723538,
          0.0926
        ],
        [
          0.5,
          0.723538,
          0.0926
        ],
        [
          0.7,
          0.723538,
          0.0926
        ],
        [
          0.9,
          0.723538,
          0.0926
        ],
        [
          0.2,
          0.879423,
          0.0926
        ],
        [
          0.4,
          0.879423,
          0.0926
        ],
        [
          0.6,
          0.879423,
          0.0926
        ]
      ],
      "gen": 2
    },
    "(13, 15)": {
      "score": 2.541421000000001,
      "circles": [
        [
          0.1,
          0.1,
          0.1
        ],
        [
          0.1,
          0.3,
          0.1
        ],
        [
          0.1,
          0.5,
          0.1
        ],
        [
          0.1,
          0.7,
          0.1
        ],
        [
          0.1,
          0.9,
          0.1
        ],
        [
          0.3,
          0.1,
          0.1
        ],
        [
          0.3,
          0.3,
          0.1
        ],
        [
          0.3,
          0.5,
          0.1
        ],
        [
          0.3,
          0.7,
          0.1
        ],
        [
          0.3,
          0.9,
          0.1
        ],
        [
          0.5,
          0.1,
          0.1
        ],
        [
          0.5,
          0.3,
          0.1
        ],
        [
          0.5,
          0.5,
          0.1
        ],
        [
          0.5,
          0.7,
          0.1
        ],
        [
          0.5,
          0.9,
          0.1
        ],
        [
          0.7,
          0.1,
          0.1
        ],
        [
          0.7,
          0.3,
          0.1
        ],
        [
          0.7,
          0.5,
          0.1
        ],
        [
          0.7,
          0.7,
          0.1
        ],
        [
          0.7,
          0.9,
          0.1
        ],
        [
          0.9,
          0.1,
          0.1
        ],
        [
          0.9,
          0.3,
          0.1
        ],
        [
          0.9,
          0.5,
          0.1
        ],
        [
          0.9,
          0.7,
          0.1
        ],
        [
          0.9,
          0.9,
          0.1
        ],
        [
          0.2,
          0.2,
          0.041421
        ]
      ],
      "gen": 5
    }
  },