{
  "seed": 789,
  "gen": 10,
  "archive": {
    "(4, 1)": {
      "score": 0.8999899999999995,
      "circles": [
        [
          0.083333,
          0.1,
          0.034615
        ],
        [
          0.25,
          0.1,
          0.034615
        ],
        [
          0.416667,
          0.1,
          0.034615
        ],
        [
          0.583333,
          0.1,
          0.034615
        ],
        [
          0.75,
          0.1,
          0.034615
        ],
        [
          0.916667,
          0.1,
          0.034615
        ],
        [
          0.083333,
          0.3,
          0.034615
        ],
        [
          0.25,
          0.3,
          0.034615
        ],
        [
          0.416667,
          0.3,
          0.034615
        ],
        [
          0.583333,
          0.3,
          0.034615
        ],
        [
          0.75,
          0.3,
          0.034615
        ],
        [
          0.916667,
          0.3,
          0.034615
        ],
        [
          0.083333,
          0.5,
          0.034615
        ],
        [
          0.25,
          0.5,
          0.034615
        ],
        [
          0.416667,
          0.5,
          0.034615
        ],
        [
          0.583333,
          0.5,
          0.034615
        ],
        [
          0.75,
          0.5,
          0.034615
        ],
        [
          0.916667,
          0.5,
          0.034615
        ],
        [
          0.083333,
          0.7,
          0.034615
        ],
        [
          0.25,
          0.7,
          0.034615
        ],
        [
          0.416667,
          0.7,
          0.034615
        ],
        [
          0.583333,
          0.7,
          0.034615
        ],
        [
          0.75,
          0.7,
          0.034615
        ],
        [
          0.916667,
          0.7,
          0.034615
        ],
        [
          0.083333,
          0.9,
          0.034615
        ],
        [
          0.25,
          0.9,
          0.034615
        ]
      ],
      "gen": -1
    },
    "(13, 15)": {
      "score": 2.5414213562000008,
      "circles": [
        [
          0.1,
          0.1,
          0.1
        ],
        [
          0.1,
          0.3,
          0.1
        ],
        [
          0.1,
          0.5,
          0.1
        ],
        [
          0.1,
          0.7,
          0.1
        ],
        [
          0.1,
          0.9,
          0.1
        ],
        [
          0.3,
          0.1,
          0.1
        ],
        [
          0.3,
          0.3,
          0.1
        ],
        [
          0.3,
          0.5,
          0.1
        ],
        [
          0.3,
          0.7,
          0.1
        ],
        [
          0.3,
          0.9,
          0.1
        ],
        [
          0.5,
          0.1,
          0.1
        ],
        [
          0.5,
          0.3,
          0.1
        ],
        [
          0.5,
          0.5,
          0.1
        ],
        [
          0.5,
          0.7,
          0.1
        ],
        [
          0.5,
          0.9,
          0.1
        ],
        [
          0.7,
          0.1,
          0.1
        ],
        [
          0.7,
          0.3,
          0.1
        ],
        [
          0.7,
          0.5,
          0.1
        ],
        [
          0.7,
          0.7,
          0.1
        ],
        [
          0.7,
          0.9,
          0.1
        ],
        [
          0.9,
          0.1,
          0.1
        ],
        [
          0.9,
          0.3,
          0.1
        ],
        [
          0.9,
          0.5,
          0.1
        ],
        [
          0.9,
          0.7,
          0.1
        ],
        [
          0.9,
          0.9,
          0.1
        ],
        [
          0.2,
          0.2,
          0.0414213562
        ]
      ],
      "gen": 1
    }
  },
  "best_circles": [
    [
      0.1,
      0.1,
      0.1
    ],
    [
      0.1,
      0.3,
      0.1
    ],
    [
      0.1,
      0.5,
      0.1
    ],
    [
      0.1,
      0.7,
      0.1
    ],
    [
      0.1,
      0.9,
      0.1
    ],
    [
      0.3,
      0.1,
      0.1
    ],
    [
      0.3,
      0.3,
      0.1
    ],
    [
      0.3,
      0.5,
      0.1
    ],
    [
      0.3,
      0.7,
      0.1
    ],
    [
      0.3,
      0.9,
      0.1
    ],
    [
      0.5,
      0.1,
      0.1
    ],
    [
      0.5,
      0.3,
      0.1
    ],
    [
      0.5,
      0.5,
      0.1
    ],
    [
      0.5,
      0.7,
      0.1
    ],
    [
      0.5,
      0.9,
      0.1
    ],
    [
      0.7,
      0.1,
      0.1
    ],
    [
      0.7,
      0.3,
      0.1
    ],
    [
      0.7,
      0.5,
      0.1
    ],
    [
      0.7,
      0.7,
      0.1
    ],
    [
      0.7,
      0.9,
      0.1
    ],
    [
      0.9,
      0.1,
      0.1
    ],
    [
      0.9,
      0.3,
      0.1
    ],
    [
      0.9,
      0.5,
      0.1
    ],
    [
      0.9,
      0.7,
      0.1
    ],
    [
      0.9,
      0.9,
      0.1
    ],
    [
      0.2,
      0.2,
      0.0414213562
    ]
  ],
  "best_score": 2.5414213562000008
}