{"quant": "fp16", "seed": 1111, "gen": 10, "best_circles": [[0.083333, 0.05, 0.044721], [0.25, 0.05, 0.044721], [0.416667, 0.05, 0.044721], [0.583333, 0.05, 0.044721], [0.75, 0.05, 0.044721], [0.916667, 0.05, 0.044721], [0.083333, 0.25, 0.044721], [0.25, 0.25, 0.044721], [0.416667, 0.25, 0.044721], [0.583333, 0.25, 0.044721], [0.75, 0.25, 0.044721], [0.916667, 0.25, 0.044721], [0.083333, 0.45, 0.044721], [0.25, 0.45, 0.044721], [0.416667, 0.45, 0.044721], [0.583333, 0.45, 0.044721], [0.75, 0.45, 0.044721], [0.916667, 0.45, 0.044721], [0.083333, 0.65, 0.044721], [0.25, 0.65, 0.044721], [0.416667, 0.65, 0.044721], [0.583333, 0.65, 0.044721], [0.75, 0.65, 0.044721], [0.916667, 0.65, 0.044721], [0.083333, 0.85, 0.044721], [0.25, 0.85, 0.044721]], "best_score": 1.1627459999999998}