{"quant": "q3_k_m", "seed": 1111, "gen": 10, "best_circles": [[0.083333, 0.1, 0.06923], [0.25, 0.1, 0.06923], [0.416667, 0.1, 0.06923], [0.583333, 0.1, 0.06923], [0.75, 0.1, 0.06923], [0.916667, 0.1, 0.06923], [0.083333, 0.3, 0.06923], [0.25, 0.3, 0.06923], [0.416667, 0.3, 0.06923], [0.583333, 0.3, 0.06923], [0.75, 0.3, 0.06923], [0.916667, 0.3, 0.06923], [0.083333, 0.5, 0.06923], [0.25, 0.5, 0.06923], [0.416667, 0.5, 0.06923], [0.583333, 0.5, 0.06923], [0.75, 0.5, 0.06923], [0.916667, 0.5, 0.06923], [0.083333, 0.7, 0.06923], [0.25, 0.7, 0.06923], [0.416667, 0.7, 0.06923], [0.583333, 0.7, 0.06923], [0.75, 0.7, 0.06923], [0.916667, 0.7, 0.06923], [0.083333, 0.9, 0.06923], [0.25, 0.9, 0.06923]], "best_score": 1.79998}