{
  "armA_haiku_unit": {
    "bests": [
      2.5414,
      2.541421,
      2.541421,
      2.541421,
      2.541421
    ],
    "mean": 2.541417,
    "std": 8e-06,
    "range": [
      2.5414,
      2.541421
    ]
  },
  "armB_sonnet_unit": {
    "bests": [
      2.541421,
      2.541421,
      2.541421,
      2.541421,
      2.523367
    ],
    "mean": 2.53781,
    "std": 0.007222,
    "range": [
      2.523367,
      2.541421
    ]
  },
  "armC_haiku_rect": {
    "bests": [
      2.293975,
      2.166658,
      2.158,
      2.3,
      2.166658
    ],
    "mean": 2.217058,
    "std": 0.065366,
    "range": [
      2.158,
      2.3
    ]
  },
  "probes": {
    "haiku_unit_pure": [
      1.610704,
      2.428571,
      1.486757,
      2.29,
      1.95,
      2.541421
    ],
    "sonnet_unit_nocode": [
      2.5389,
      2.5,
      2.541421,
      2.5,
      2.541421,
      2.418
    ],
    "sonnet_unit_tool_augmented": [
      2.545298,
      2.584992,
      2.627064,
      null,
      2.528356,
      2.63598
    ],
    "haiku_rect": [
      2.166667,
      1.616598,
      1.9288,
      2.267625,
      2.179365,
      1.33711
    ]
  }
}