{"quant": "q3_k_m", "seed": 1111, "gen": 10, "best_circles": [[0.071429, 0.071429, 0.047619], [0.214286, 0.071429, 0.047619], [0.357143, 0.071429, 0.047619], [0.5, 0.071429, 0.047619], [0.642857, 0.071429, 0.047619], [0.785714, 0.071429, 0.047619], [0.071429, 0.214286, 0.047619], [0.214286, 0.214286, 0.047619], [0.357143, 0.214286, 0.047619], [0.5, 0.214286, 0.047619], [0.642857, 0.214286, 0.047619], [0.785714, 0.214286, 0.047619], [0.071429, 0.357143, 0.047619], [0.214286, 0.357143, 0.047619], [0.357143, 0.357143, 0.047619], [0.5, 0.357143, 0.047619], [0.642857, 0.357143, 0.047619], [0.785714, 0.357143, 0.047619], [0.071429, 0.5, 0.047619], [0.214286, 0.5, 0.047619], [0.357143, 0.5, 0.047619], [0.5, 0.5, 0.047619], [0.642857, 0.5, 0.047619], [0.785714, 0.5, 0.047619], [0.071429, 0.642857, 0.047619], [0.214286, 0.642857, 0.057143]], "best_score": 1.2476180000000001}