{"quant": "q4_k_m", "seed": 42, "gen": 10, "best_circles": [[0.083333, 0.1, 0.04], [0.25, 0.1, 0.04], [0.416667, 0.1, 0.04], [0.583333, 0.1, 0.04], [0.75, 0.1, 0.04], [0.916667, 0.1, 0.04], [0.083333, 0.3, 0.04], [0.25, 0.3, 0.04], [0.416667, 0.3, 0.04], [0.583333, 0.3, 0.04], [0.75, 0.3, 0.04], [0.916667, 0.3, 0.04], [0.083333, 0.5, 0.04], [0.25, 0.5, 0.04], [0.416667, 0.5, 0.04], [0.583333, 0.5, 0.04], [0.75, 0.5, 0.04], [0.916667, 0.5, 0.04], [0.083333, 0.7, 0.04], [0.25, 0.7, 0.04], [0.416667, 0.7, 0.04], [0.583333, 0.7, 0.04], [0.75, 0.7, 0.04], [0.916667, 0.7, 0.04], [0.083333, 0.9, 0.05], [0.25, 0.9, 0.05]], "best_score": 1.06}