{"quant": "q4_k_m", "seed": 456, "gen": 10, "best_circles": [[0.083333, 0.1, 0.036], [0.25, 0.1, 0.036], [0.416667, 0.1, 0.036], [0.583333, 0.1, 0.036], [0.75, 0.1, 0.036], [0.916667, 0.1, 0.036], [0.083333, 0.3, 0.036], [0.25, 0.3, 0.036], [0.416667, 0.3, 0.036], [0.583333, 0.3, 0.036], [0.75, 0.3, 0.036], [0.916667, 0.3, 0.036], [0.083333, 0.5, 0.036], [0.25, 0.5, 0.036], [0.416667, 0.5, 0.036], [0.583333, 0.5, 0.036], [0.75, 0.5, 0.036], [0.916667, 0.5, 0.036], [0.083333, 0.7, 0.036], [0.25, 0.7, 0.036], [0.416667, 0.7, 0.036], [0.583333, 0.7, 0.036], [0.75, 0.7, 0.036], [0.916667, 0.7, 0.036], [0.083333, 0.9, 0.036], [0.25, 0.9, 0.036]], "best_score": 0.9359999999999999}