{"quant": "q4_k_m", "seed": 1111, "gen": 10, "best_circles": [[0.071429, 0.071429, 0.035714], [0.214286, 0.071429, 0.035714], [0.357143, 0.071429, 0.035714], [0.5, 0.071429, 0.035714], [0.642857, 0.071429, 0.035714], [0.785714, 0.071429, 0.035714], [0.071429, 0.214286, 0.035714], [0.214286, 0.214286, 0.035714], [0.357143, 0.214286, 0.035714], [0.5, 0.214286, 0.035714], [0.642857, 0.214286, 0.035714], [0.785714, 0.214286, 0.035714], [0.071429, 0.357143, 0.035714], [0.214286, 0.357143, 0.035714], [0.357143, 0.357143, 0.035714], [0.5, 0.357143, 0.035714], [0.642857, 0.357143, 0.035714], [0.785714, 0.357143, 0.035714], [0.071429, 0.5, 0.035714], [0.214286, 0.5, 0.035714], [0.357143, 0.5, 0.035714], [0.5, 0.5, 0.035714], [0.642857, 0.5, 0.035714], [0.785714, 0.5, 0.035714], [0.071429, 0.642857, 0.035714], [0.214286, 0.642857, 0.04]], "best_score": 0.9328500000000001}