{"quant": "q8_0", "seed": 789, "gen": 10, "best_circles": [[0.0625, 0.0625, 0.041667], [0.1875, 0.0625, 0.041667], [0.3125, 0.0625, 0.041667], [0.4375, 0.0625, 0.041667], [0.5625, 0.0625, 0.041667], [0.6875, 0.0625, 0.041667], [0.8125, 0.0625, 0.041667], [0.0625, 0.1875, 0.041667], [0.1875, 0.1875, 0.041667], [0.3125, 0.1875, 0.041667], [0.4375, 0.1875, 0.041667], [0.5625, 0.1875, 0.041667], [0.6875, 0.1875, 0.041667], [0.8125, 0.1875, 0.041667], [0.0625, 0.3125, 0.041667], [0.1875, 0.3125, 0.041667], [0.3125, 0.3125, 0.041667], [0.4375, 0.3125, 0.041667], [0.5625, 0.3125, 0.041667], [0.6875, 0.3125, 0.041667], [0.8125, 0.3125, 0.041667], [0.0625, 0.4375, 0.041667], [0.1875, 0.4375, 0.041667], [0.3125, 0.4375, 0.041667], [0.4375, 0.4375, 0.041667], [0.5625, 0.4375, 0.041667]], "best_score": 1.083342}